,Unnamed: 0,User ID,Password,Name,Course Name,Year,Course,Department
0,0,2211200,ch,,,,,
1,1,2211201,,,,,,
2,2,2211202,,,,,,
3,3,2211203,,,,,,
4,4,2211204,,,,,,
5,5,2211205,,,,,,
6,6,2211206,,,,,,
7,7,2211207,,,,,,
8,8,2211208,,,,,,
9,9,2211209,,,,,,
10,10,2211210,,,,,,
11,11,2211211,,,,,,
12,12,2211212,,,,,,
13,13,2211213,,,,,,
14,14,2211214,,,,,,
15,15,2211215,,,,,,
16,16,2211216,,,,,,
17,17,2211217,,,,,,
18,18,2211218,,,,,,
19,19,2211219,,,,,,
20,20,2211220,,,,,,
21,21,2211221,,,,,,
22,22,2211222,,,,,,
23,23,2211223,,,,,,
24,24,2211224,,,,,,
25,25,2211225,,,,,,
26,26,2211226,,,,,,
27,27,2211227,,,,,,
28,28,2211228,,,,,,
29,29,2211229,,,,,,
30,30,2211230,,,,,,
31,31,2211231,,,,,,
32,32,2211232,,,,,,
33,33,2211233,,,,,,
34,34,2211234,,,,,,
35,35,2211235,,,,,,
36,36,2211236,,,,,,
37,37,2211237,,,,,,
38,38,2211238,,,,,,
39,39,2211239,,,,,,
40,40,2211240,,,,,,
41,41,2211241,,,,,,
42,42,2211242,,,,,,
43,43,2211243,,,,,,
44,44,2211244,,,,,,
45,45,2211245,,,,,,
46,46,2211246,,,,,,
47,47,2211247,,,,,,
48,48,2211248,,,,,,
49,49,2211249,,,,,,
50,50,2211250,,,,,,
51,51,2211251,,,,,,
52,52,2211252,,,,,,
53,53,2211253,,,,,,
54,54,2211254,,,,,,
55,55,2211255,,,,,,
56,56,2211256,,,,,,
57,57,2211257,,,,,,
58,58,2211258,,,,,,
59,59,2211259,,,,,,
60,60,2211260,,,,,,
61,61,2211261,,,,,,
62,62,2211262,,,,,,
63,63,2211263,,,,,,
64,64,2211264,,,,,,
65,65,2211265,,,,,,
66,66,2211266,,,,,,
67,67,2211267,,,,,,
68,68,2211268,,,,,,
69,69,2211269,,,,,,
70,70,2211270,,,,,,
71,71,2211271,,,,,,
72,72,2211272,,,,,,
73,73,2211273,,,,,,
74,74,2211274,,,,,,
75,75,2211275,,,,,,
76,76,2211276,,,,,,
77,77,2211277,,,,,,
78,78,2211278,,,,,,
79,79,2211279,,,,,,
80,80,2211280,,,,,,
81,81,2211281,,,,,,
82,82,2211282,,,,,,
83,83,2211283,,,,,,
84,84,2211284,,,,,,
85,85,2211285,,,,,,
86,86,2211286,,,,,,
87,87,2211287,,,,,,
88,88,2211288,,,,,,
89,89,2211289,,,,,,
90,90,2211290,,,,,,
91,91,2211291,,,,,,
92,92,2211292,,,,,,
93,93,2211293,,,,,,
94,94,2211294,,,,,,
95,95,2211295,,,,,,
96,96,2211296,,,,,,
97,97,2211297,,,,,,
98,98,2211298,,,,,,
99,99,2211299,,,,,,
100,100,2211300,,,,,,
101,101,2211301,,,,,,
102,102,2211302,,,,,,
103,103,2211303,,,,,,
104,104,2211304,,,,,,
105,105,2211305,,,,,,
106,106,2211306,,,,,,
107,107,2211307,,,,,,
108,108,2211308,,,,,,
109,109,2211309,,,,,,
110,110,2211310,,,,,,
111,111,2211311,,,,,,
112,112,2211312,,,,,,
113,113,2211313,,,,,,
114,114,2211314,,,,,,
115,115,2211315,,,,,,
116,116,2211316,,,,,,
117,117,2211317,,,,,,
118,118,2211318,,,,,,
119,119,2211319,,,,,,
120,120,2211320,,,,,,
121,121,2211321,,,,,,
122,122,2211322,,,,,,
123,123,2211323,,,,,,
124,124,2211324,,,,,,
125,125,2211325,,,,,,
126,126,2211326,,,,,,
127,127,2211327,,,,,,
128,128,2211328,,,,,,
129,129,2211329,,,,,,
130,130,2211330,,,,,,
131,131,2211331,,,,,,
132,132,2211332,,,,,,
133,133,2211333,,,,,,
134,134,2211334,,,,,,
135,135,2211335,,,,,,
136,136,2211336,,,,,,
137,137,2211337,,,,,,
138,138,2211338,,,,,,
139,139,2211339,,,,,,
140,140,2211340,,,,,,
141,141,2211341,,,,,,
142,142,2211342,,,,,,
143,143,2211343,,,,,,
144,144,2211344,,,,,,
145,145,2211345,,,,,,
146,146,2211346,,,,,,
147,147,2211347,,,,,,
148,148,2211348,,,,,,
149,149,2211349,,,,,,
150,150,2211350,,,,,,
151,151,2211351,,,,,,
152,152,2211352,,,,,,
153,153,2211353,,,,,,
154,154,2211354,,,,,,
155,155,2211355,,,,,,
156,156,2211356,,,,,,
157,157,2211357,,,,,,
158,158,2211358,,,,,,
159,159,2211359,,,,,,
160,160,2211360,,,,,,
161,161,2211361,,,,,,
162,162,2211362,,,,,,
163,163,2211363,,,,,,
164,164,2211364,,,,,,
165,165,2211365,,,,,,
166,166,2211366,,,,,,
167,167,2211367,,,,,,
168,168,2211368,,,,,,
169,169,2211369,,,,,,
170,170,2211370,,,,,,
171,171,2211371,,,,,,
172,172,2211372,,,,,,
173,173,2211373,,,,,,
174,174,2211374,,,,,,
175,175,2211375,,,,,,
176,176,2211376,,,,,,
177,177,2211377,,,,,,
178,178,2211378,,,,,,
179,179,2211379,,,,,,
180,180,2211380,,,,,,
181,181,2211381,,,,,,
182,182,2211382,,,,,,
183,183,2211383,,,,,,
184,184,2211384,,,,,,
185,185,2211385,,,,,,
186,186,2211386,,,,,,
187,187,2211387,,,,,,
188,188,2211388,,,,,,
189,189,2211389,,,,,,
190,190,2211390,,,,,,
191,191,2211391,,,,,,
192,192,2211392,,,,,,
193,193,2211393,,,,,,
194,194,2211394,,,,,,
195,195,2211395,,,,,,
196,196,2211396,,,,,,
197,197,2211397,,,,,,
198,198,2211398,,,,,,
199,199,2211399,,,,,,
200,200,2211400,,,,,,
201,201,2211401,,,,,,
202,202,2211402,,,,,,
203,203,2211403,,,,,,
204,204,2211404,,,,,,
205,205,2211405,,,,,,
206,206,2211406,,,,,,
207,207,2211407,,,,,,
208,208,2211408,,,,,,
209,209,2211409,,,,,,
210,210,2211410,,,,,,
211,211,2211411,,,,,,
212,212,2211412,,,,,,
213,213,2211413,,,,,,
214,214,2211414,,,,,,
215,215,2211415,,,,,,
216,216,2211416,,,,,,
217,217,2211417,,,,,,
218,218,2211418,,,,,,
219,219,2211419,,,,,,
220,220,2211420,,,,,,
221,221,2211421,,,,,,
222,222,2211422,,,,,,
223,223,2211423,,,,,,
224,224,2211424,,,,,,
225,225,2211425,,,,,,
226,226,2211426,,,,,,
227,227,2211427,,,,,,
228,228,2211428,,,,,,
229,229,2211429,,,,,,
230,230,2211430,,,,,,
231,231,2211431,,,,,,
232,232,2211432,,,,,,
233,233,2211433,,,,,,
234,234,2211434,,,,,,
235,235,2211435,,,,,,
236,236,2211436,,,,,,
237,237,2211437,,,,,,
238,238,2211438,,,,,,
239,239,2211439,,,,,,
240,240,2211440,,,,,,
241,241,2211441,,,,,,
242,242,2211442,,,,,,
243,243,2211443,,,,,,
244,244,2211444,,,,,,
245,245,2211445,,,,,,
246,246,2211446,,,,,,
247,247,2211447,,,,,,
248,248,2211448,,,,,,
249,249,2211449,,,,,,
250,250,2211450,,,,,,
251,251,2211451,,,,,,
252,252,2211452,,,,,,
253,253,2211453,,,,,,
254,254,2211454,,,,,,
255,255,2211455,,,,,,
256,256,2211456,,,,,,
257,257,2211457,,,,,,
258,258,2211458,,,,,,
259,259,2211459,,,,,,
260,260,2211460,,,,,,
261,261,2211461,,,,,,
262,262,2211462,,,,,,
263,263,2211463,,,,,,
264,264,2211464,,,,,,
265,265,2211465,,,,,,
266,266,2211466,,,,,,
267,267,2211467,,,,,,
268,268,2211468,,,,,,
269,269,2211469,,,,,,
270,270,2211470,,,,,,
271,271,2211471,,,,,,
272,272,2211472,,,,,,
273,273,2211473,,,,,,
274,274,2211474,,,,,,
275,275,2211475,,,,,,
276,276,2211476,,,,,,
277,277,2211477,,,,,,
278,278,2211478,,,,,,
279,279,2211479,,,,,,
280,280,2211480,,,,,,
281,281,2211481,,,,,,
282,282,2211482,,,,,,
283,283,2211483,,,,,,
284,284,2211484,,,,,,
285,285,2211485,,,,,,
286,286,2211486,,,,,,
287,287,2211487,,,,,,
288,288,2211488,,,,,,
289,289,2211489,,,,,,
290,290,2211490,,,,,,
291,291,2211491,,,,,,
292,292,2211492,,,,,,
293,293,2211493,,,,,,
294,294,2211494,,,,,,
295,295,2211495,,,,,,
296,296,2211496,,,,,,
297,297,2211497,,,,,,
298,298,2211498,,,,,,
299,299,2211499,,,,,,
300,300,2211500,,,,,,
301,301,2211501,,,,,,
302,302,2211502,,,,,,
303,303,2211503,,,,,,
304,304,2211504,,,,,,
305,305,2211505,,,,,,
306,306,2211506,,,,,,
307,307,2211507,,,,,,
308,308,2211508,,,,,,
309,309,2211509,,,,,,
310,310,2211510,,,,,,
311,311,2211511,,,,,,
312,312,2211512,,,,,,
313,313,2211513,,,,,,
314,314,2211514,,,,,,
315,315,2211515,,,,,,
316,316,2211516,,,,,,
317,317,2211517,,,,,,
318,318,2211518,,,,,,
319,319,2211519,,,,,,
320,320,2211520,,,,,,
321,321,2211521,,,,,,
322,322,2211522,,,,,,
323,323,2211523,,,,,,
324,324,2211524,,,,,,
325,325,2211525,,,,,,
326,326,2211526,,,,,,
327,327,2211527,,,,,,
328,328,2211528,,,,,,
329,329,2211529,,,,,,
330,330,2211530,,,,,,
331,331,2211531,,,,,,
332,332,2211532,,,,,,
333,333,2211533,,,,,,
334,334,2211534,,,,,,
335,335,2211535,,,,,,
336,336,2211536,,,,,,
337,337,2211537,,,,,,
338,338,2211538,,,,,,
339,339,2211539,,,,,,
340,340,2211540,,,,,,
341,341,2211541,,,,,,
342,342,2211542,,,,,,
343,343,2211543,,,,,,
344,344,2211544,,,,,,
345,345,2211545,,,,,,
346,346,2211546,,,,,,
347,347,2211547,,,,,,
348,348,2211548,,,,,,
349,349,2211549,,,,,,
350,350,2211550,,,,,,
351,351,2211551,,,,,,
352,352,2211552,,,,,,
353,353,2211553,,,,,,
354,354,2211554,,,,,,
355,355,2211555,,,,,,
356,356,2211556,,,,,,
357,357,2211557,,,,,,
358,358,2211558,,,,,,
359,359,2211559,,,,,,
360,360,2211560,,,,,,
361,361,2211561,,,,,,
362,362,2211562,,,,,,
363,363,2211563,,,,,,
364,364,2211564,,,,,,
365,365,2211565,,,,,,
366,366,2211566,,,,,,
367,367,2211567,,,,,,
368,368,2211568,,,,,,
369,369,2211569,,,,,,
370,370,2211570,,,,,,
371,371,2211571,,,,,,
372,372,2211572,,,,,,
373,373,2211573,,,,,,
374,374,2211574,,,,,,
375,375,2211575,,,,,,
376,376,2211576,,,,,,
377,377,2211577,,,,,,
378,378,2211578,,,,,,
379,379,2211579,,,,,,
380,380,2211580,,,,,,
381,381,2211581,,,,,,
382,382,2211582,,,,,,
383,383,2211583,,,,,,
384,384,2211584,,,,,,
385,385,2211585,,,,,,
386,386,2211586,,,,,,
387,387,2211587,,,,,,
388,388,2211588,,,,,,
389,389,2211589,,,,,,
390,390,2211590,,,,,,
391,391,2211591,,,,,,
392,392,2211592,,,,,,
393,393,2211593,,,,,,
394,394,2211594,,,,,,
395,395,2211595,,,,,,
396,396,2211596,,,,,,
397,397,2211597,,,,,,
398,398,2211598,,,,,,
399,399,2211599,,,,,,
400,400,2211600,,,,,,
401,401,2211601,,,,,,
402,402,2211602,,,,,,
403,403,2211603,,,,,,
404,404,2211604,,,,,,
405,405,2211605,,,,,,
406,406,2211606,,,,,,
407,407,2211607,,,,,,
408,408,2211608,,,,,,
409,409,2211609,,,,,,
410,410,2211610,,,,,,
411,411,2211611,,,,,,
412,412,2211612,,,,,,
413,413,2211613,,,,,,
414,414,2211614,,,,,,
415,415,2211615,,,,,,
416,416,2211616,,,,,,
417,417,2211617,,,,,,
418,418,2211618,,,,,,
419,419,2211619,,,,,,
420,420,2211620,,,,,,
421,421,2211621,,,,,,
422,422,2211622,,,,,,
423,423,2211623,,,,,,
424,424,2211624,,,,,,
425,425,2211625,,,,,,
426,426,2211626,,,,,,
427,427,2211627,,,,,,
428,428,2211628,,,,,,
429,429,2211629,,,,,,
430,430,2211630,,,,,,
431,431,2211631,,,,,,
432,432,2211632,,,,,,
433,433,2211633,,,,,,
434,434,2211634,,,,,,
435,435,2211635,,,,,,
436,436,2211636,,,,,,
437,437,2211637,,,,,,
438,438,2211638,,,,,,
439,439,2211639,,,,,,
440,440,2211640,,,,,,
441,441,2211641,,,,,,
442,442,2211642,,,,,,
443,443,2211643,,,,,,
444,444,2211644,,,,,,
445,445,2211645,,,,,,
446,446,2211646,,,,,,
447,447,2211647,,,,,,
448,448,2211648,,,,,,
449,449,2211649,,,,,,
450,450,2211650,,,,,,
451,451,2211651,,,,,,
452,452,2211652,,,,,,
453,453,2211653,,,,,,
454,454,2211654,,,,,,
455,455,2211655,,,,,,
456,456,2211656,,,,,,
457,457,2211657,,,,,,
458,458,2211658,,,,,,
459,459,2211659,,,,,,
460,460,2211660,,,,,,
461,461,2211661,,,,,,
462,462,2211662,,,,,,
463,463,2211663,,,,,,
464,464,2211664,,,,,,
465,465,2211665,,,,,,
466,466,2211666,,,,,,
467,467,2211667,,,,,,
468,468,2211668,,,,,,
469,469,2211669,,,,,,
470,470,2211670,,,,,,
471,471,2211671,,,,,,
472,472,2211672,,,,,,
473,473,2211673,,,,,,
474,474,2211674,,,,,,
475,475,2211675,,,,,,
476,476,2211676,,,,,,
477,477,2211677,,,,,,
478,478,2211678,,,,,,
479,479,2211679,,,,,,
480,480,2211680,,,,,,
481,481,2211681,,,,,,
482,482,2211682,,,,,,
483,483,2211683,,,,,,
484,484,2211684,,,,,,
485,485,2211685,,,,,,
486,486,2211686,,,,,,
487,487,2211687,,,,,,
488,488,2211688,,,,,,
489,489,2211689,,,,,,
490,490,2211690,,,,,,
491,491,2211691,,,,,,
492,492,2211692,,,,,,
493,493,2211693,,,,,,
494,494,2211694,,,,,,
495,495,2211695,,,,,,
496,496,2211696,,,,,,
497,497,2211697,,,,,,
498,498,2211698,,,,,,
499,499,2211699,,,,,,
