User ID,Week 1 Report,Week 2 Report,Week 3 Report,Week 4 Report,Week 5 Report,Week 6 Report,Final Report
2211200,,,,,,,
2211201,,,,,,,
2211202,,,,,,,
2211203,,,,,,,
2211204,,,,,,,
2211205,,,,,,,
2211206,,,,,,,
2211207,,,,,,,
2211208,,,,,,,
2211209,,,,,,,
2211210,,,,,,,
2211211,,,,,,,
2211212,,,,,,,
2211213,,,,,,,
2211214,,,,,,,
2211215,,,,,,,
2211216,,,,,,,
2211217,,,,,,,
2211218,,,,,,,
2211219,,,,,,,
2211220,,,,,,,
2211221,,,,,,,
2211222,,,,,,,
2211223,,,,,,,
2211224,,,,,,,
2211225,,,,,,,
2211226,,,,,,,
2211227,,,,,,,
2211228,,,,,,,
2211229,,,,,,,
2211230,,,,,,,
2211231,,,,,,,
2211232,,,,,,,
2211233,,,,,,,
2211234,,,,,,,
2211235,,,,,,,
2211236,,,,,,,
2211237,,,,,,,
2211238,,,,,,,
2211239,,,,,,,
2211240,,,,,,,
2211241,,,,,,,
2211242,,,,,,,
2211243,,,,,,,
2211244,,,,,,,
2211245,,,,,,,
2211246,,,,,,,
2211247,,,,,,,
2211248,,,,,,,
2211249,,,,,,,
2211250,,,,,,,
2211251,,,,,,,
2211252,,,,,,,
2211253,,,,,,,
2211254,,,,,,,
2211255,,,,,,,
2211256,,,,,,,
2211257,,,,,,,
2211258,,,,,,,
2211259,,,,,,,
2211260,,,,,,,
2211261,,,,,,,
2211262,,,,,,,
2211263,,,,,,,
2211264,,,,,,,
2211265,,,,,,,
2211266,,,,,,,
2211267,,,,,,,
2211268,,,,,,,
2211269,,,,,,,
2211270,,,,,,,
2211271,,,,,,,
2211272,,,,,,,
2211273,,,,,,,
2211274,,,,,,,
2211275,,,,,,,
2211276,,,,,,,
2211277,,,,,,,
2211278,,,,,,,
2211279,,,,,,,
2211280,,,,,,,
2211281,,,,,,,
2211282,,,,,,,
2211283,,,,,,,
2211284,,,,,,,
2211285,,,,,,,
2211286,,,,,,,
2211287,,,,,,,
2211288,,,,,,,
2211289,,,,,,,
2211290,,,,,,,
2211291,,,,,,,
2211292,,,,,,,
2211293,,,,,,,
2211294,,,,,,,
2211295,,,,,,,
2211296,,,,,,,
2211297,,,,,,,
2211298,,,,,,,
2211299,,,,,,,
2211300,,,,,,,
2211301,,,,,,,
2211302,,,,,,,
2211303,,,,,,,
2211304,,,,,,,
2211305,,,,,,,
2211306,,,,,,,
2211307,,,,,,,
2211308,,,,,,,
2211309,,,,,,,
2211310,,,,,,,
2211311,,,,,,,
2211312,,,,,,,
2211313,,,,,,,
2211314,,,,,,,
2211315,,,,,,,
2211316,,,,,,,
2211317,,,,,,,
2211318,,,,,,,
2211319,,,,,,,
2211320,,,,,,,
2211321,,,,,,,
2211322,,,,,,,
2211323,,,,,,,
2211324,,,,,,,
2211325,,,,,,,
2211326,,,,,,,
2211327,,,,,,,
2211328,,,,,,,
2211329,,,,,,,
2211330,,,,,,,
2211331,,,,,,,
2211332,,,,,,,
2211333,,,,,,,
2211334,,,,,,,
2211335,,,,,,,
2211336,,,,,,,
2211337,,,,,,,
2211338,,,,,,,
2211339,,,,,,,
2211340,,,,,,,
2211341,,,,,,,
2211342,,,,,,,
2211343,,,,,,,
2211344,,,,,,,
2211345,,,,,,,
2211346,,,,,,,
2211347,,,,,,,
2211348,,,,,,,
2211349,,,,,,,
2211350,,,,,,,
2211351,,,,,,,
2211352,,,,,,,
2211353,,,,,,,
2211354,,,,,,,
2211355,,,,,,,
2211356,,,,,,,
2211357,,,,,,,
2211358,,,,,,,
2211359,,,,,,,
2211360,,,,,,,
2211361,,,,,,,
2211362,,,,,,,
2211363,,,,,,,
2211364,,,,,,,
2211365,,,,,,,
2211366,,,,,,,
2211367,,,,,,,
2211368,,,,,,,
2211369,,,,,,,
2211370,,,,,,,
2211371,,,,,,,
2211372,,,,,,,
2211373,,,,,,,
2211374,,,,,,,
2211375,,,,,,,
2211376,,,,,,,
2211377,,,,,,,
2211378,,,,,,,
2211379,,,,,,,
2211380,,,,,,,
2211381,,,,,,,
2211382,,,,,,,
2211383,,,,,,,
2211384,,,,,,,
2211385,,,,,,,
2211386,,,,,,,
2211387,,,,,,,
2211388,,,,,,,
2211389,,,,,,,
2211390,,,,,,,
2211391,,,,,,,
2211392,,,,,,,
2211393,,,,,,,
2211394,,,,,,,
2211395,,,,,,,
2211396,,,,,,,
2211397,,,,,,,
2211398,,,,,,,
2211399,,,,,,,
2211400,,,,,,,
2211401,,,,,,,
2211402,,,,,,,
2211403,,,,,,,
2211404,,,,,,,
2211405,,,,,,,
2211406,,,,,,,
2211407,,,,,,,
2211408,,,,,,,
2211409,,,,,,,
2211410,,,,,,,
2211411,,,,,,,
2211412,,,,,,,
2211413,,,,,,,
2211414,,,,,,,
2211415,,,,,,,
2211416,,,,,,,
2211417,,,,,,,
2211418,,,,,,,
2211419,,,,,,,
2211420,,,,,,,
2211421,,,,,,,
2211422,,,,,,,
2211423,,,,,,,
2211424,,,,,,,
2211425,,,,,,,
2211426,,,,,,,
2211427,,,,,,,
2211428,,,,,,,
2211429,,,,,,,
2211430,,,,,,,
2211431,,,,,,,
2211432,,,,,,,
2211433,,,,,,,
2211434,,,,,,,
2211435,,,,,,,
2211436,,,,,,,
2211437,,,,,,,
2211438,,,,,,,
2211439,,,,,,,
2211440,,,,,,,
2211441,,,,,,,
2211442,,,,,,,
2211443,,,,,,,
2211444,,,,,,,
2211445,,,,,,,
2211446,,,,,,,
2211447,,,,,,,
2211448,,,,,,,
2211449,,,,,,,
2211450,,,,,,,
2211451,,,,,,,
2211452,,,,,,,
2211453,,,,,,,
2211454,,,,,,,
2211455,,,,,,,
2211456,,,,,,,
2211457,,,,,,,
2211458,,,,,,,
2211459,,,,,,,
2211460,,,,,,,
2211461,,,,,,,
2211462,,,,,,,
2211463,,,,,,,
2211464,,,,,,,
2211465,,,,,,,
2211466,,,,,,,
2211467,,,,,,,
2211468,,,,,,,
2211469,,,,,,,
2211470,,,,,,,
2211471,,,,,,,
2211472,,,,,,,
2211473,,,,,,,
2211474,,,,,,,
2211475,,,,,,,
2211476,,,,,,,
2211477,,,,,,,
2211478,,,,,,,
2211479,,,,,,,
2211480,,,,,,,
2211481,,,,,,,
2211482,,,,,,,
2211483,,,,,,,
2211484,,,,,,,
2211485,,,,,,,
2211486,,,,,,,
2211487,,,,,,,
2211488,,,,,,,
2211489,,,,,,,
2211490,,,,,,,
2211491,,,,,,,
2211492,,,,,,,
2211493,,,,,,,
2211494,,,,,,,
2211495,,,,,,,
2211496,,,,,,,
2211497,,,,,,,
2211498,,,,,,,
2211499,,,,,,,
2211500,,,,,,,
2211501,,,,,,,
2211502,,,,,,,
2211503,,,,,,,
2211504,,,,,,,
2211505,,,,,,,
2211506,,,,,,,
2211507,,,,,,,
2211508,,,,,,,
2211509,,,,,,,
2211510,,,,,,,
2211511,,,,,,,
2211512,,,,,,,
2211513,,,,,,,
2211514,,,,,,,
2211515,,,,,,,
2211516,,,,,,,
2211517,,,,,,,
2211518,,,,,,,
2211519,,,,,,,
2211520,,,,,,,
2211521,,,,,,,
2211522,,,,,,,
2211523,,,,,,,
2211524,,,,,,,
2211525,,,,,,,
2211526,,,,,,,
2211527,,,,,,,
2211528,,,,,,,
2211529,,,,,,,
2211530,,,,,,,
2211531,,,,,,,
2211532,,,,,,,
2211533,,,,,,,
2211534,,,,,,,
2211535,,,,,,,
2211536,,,,,,,
2211537,,,,,,,
2211538,,,,,,,
2211539,,,,,,,
2211540,,,,,,,
2211541,,,,,,,
2211542,,,,,,,
2211543,,,,,,,
2211544,,,,,,,
2211545,,,,,,,
2211546,,,,,,,
2211547,,,,,,,
2211548,,,,,,,
2211549,,,,,,,
2211550,,,,,,,
2211551,,,,,,,
2211552,,,,,,,
2211553,,,,,,,
2211554,,,,,,,
2211555,,,,,,,
2211556,,,,,,,
2211557,,,,,,,
2211558,,,,,,,
2211559,,,,,,,
2211560,,,,,,,
2211561,,,,,,,
2211562,,,,,,,
2211563,,,,,,,
2211564,,,,,,,
2211565,,,,,,,
2211566,,,,,,,
2211567,,,,,,,
2211568,,,,,,,
2211569,,,,,,,
2211570,,,,,,,
2211571,,,,,,,
2211572,,,,,,,
2211573,,,,,,,
2211574,,,,,,,
2211575,,,,,,,
2211576,,,,,,,
2211577,,,,,,,
2211578,,,,,,,
2211579,,,,,,,
2211580,,,,,,,
2211581,,,,,,,
2211582,,,,,,,
2211583,,,,,,,
2211584,,,,,,,
2211585,,,,,,,
2211586,,,,,,,
2211587,,,,,,,
2211588,,,,,,,
2211589,,,,,,,
2211590,,,,,,,
2211591,,,,,,,
2211592,,,,,,,
2211593,,,,,,,
2211594,,,,,,,
2211595,,,,,,,
2211596,,,,,,,
2211597,,,,,,,
2211598,,,,,,,
2211599,,,,,,,
2211600,,,,,,,
2211601,,,,,,,
2211602,,,,,,,
2211603,,,,,,,
2211604,,,,,,,
2211605,,,,,,,
2211606,,,,,,,
2211607,,,,,,,
2211608,,,,,,,
2211609,,,,,,,
2211610,,,,,,,
2211611,,,,,,,
2211612,,,,,,,
2211613,,,,,,,
2211614,,,,,,,
2211615,,,,,,,
2211616,,,,,,,
2211617,,,,,,,
2211618,,,,,,,
2211619,,,,,,,
2211620,,,,,,,
2211621,,,,,,,
2211622,,,,,,,
2211623,,,,,,,
2211624,,,,,,,
2211625,,,,,,,
2211626,,,,,,,
2211627,,,,,,,
2211628,,,,,,,
2211629,,,,,,,
2211630,,,,,,,
2211631,,,,,,,
2211632,,,,,,,
2211633,,,,,,,
2211634,,,,,,,
2211635,,,,,,,
2211636,,,,,,,
2211637,,,,,,,
2211638,,,,,,,
2211639,,,,,,,
2211640,,,,,,,
2211641,,,,,,,
2211642,,,,,,,
2211643,,,,,,,
2211644,,,,,,,
2211645,,,,,,,
2211646,,,,,,,
2211647,,,,,,,
2211648,,,,,,,
2211649,,,,,,,
2211650,,,,,,,
2211651,,,,,,,
2211652,,,,,,,
2211653,,,,,,,
2211654,,,,,,,
2211655,,,,,,,
2211656,,,,,,,
2211657,,,,,,,
2211658,,,,,,,
2211659,,,,,,,
2211660,,,,,,,
2211661,,,,,,,
2211662,,,,,,,
2211663,,,,,,,
2211664,,,,,,,
2211665,,,,,,,
2211666,,,,,,,
2211667,,,,,,,
2211668,,,,,,,
2211669,,,,,,,
2211670,,,,,,,
2211671,,,,,,,
2211672,,,,,,,
2211673,,,,,,,
2211674,,,,,,,
2211675,,,,,,,
2211676,,,,,,,
2211677,,,,,,,
2211678,,,,,,,
2211679,,,,,,,
2211680,,,,,,,
2211681,,,,,,,
2211682,,,,,,,
2211683,,,,,,,
2211684,,,,,,,
2211685,,,,,,,
2211686,,,,,,,
2211687,,,,,,,
2211688,,,,,,,
2211689,,,,,,,
2211690,,,,,,,
2211691,,,,,,,
2211692,,,,,,,
2211693,,,,,,,
2211694,,,,,,,
2211695,,,,,,,
2211696,,,,,,,
2211697,,,,,,,
2211698,,,,,,,
2211699,,,,,,,
